{
  "team_name": "Chatbots-R-Us",
  "task_type": "seq2seq",
  "policy_reward_accuracy": {
    "eval_loss": 0.6840201616287231,
    "eval_runtime": 186.023,
    "eval_samples_per_second": 7.714,
    "eval_steps_per_second": 0.968,
    "eval_rewards/chosen": 0.8833879828453064,
    "eval_rewards/rejected": 0.5660011172294617,
    "eval_rewards/accuracies": 0.6141204237937927,
    "eval_rewards/margins": 0.3173869252204895,
    "eval_logps/rejected": -417.32379150390625,
    "eval_logps/chosen": -469.4717102050781,
    "eval_logits/rejected": -5.657785415649414,
    "eval_logits/chosen": -6.33555793762207
  }
}